{
  "Products" : {
    "transaction" : "Products",
    "sampleCount" : 1300,
    "errorCount" : 0,
    "errorPct" : 0.0,
    "meanResTime" : 89.24846153846157,
    "medianResTime" : 30.0,
    "minResTime" : 4.0,
    "maxResTime" : 1212.0,
    "pct1ResTime" : 249.70000000000027,
    "pct2ResTime" : 358.9000000000001,
    "pct3ResTime" : 621.8300000000002,
    "throughput" : 128.01575578532743,
    "receivedKBytesPerSec" : 237.47143879246678,
    "sentKBytesPerSec" : 29.543924636878387
  },
  "Total" : {
    "transaction" : "Total",
    "sampleCount" : 1300,
    "errorCount" : 0,
    "errorPct" : 0.0,
    "meanResTime" : 89.24846153846157,
    "medianResTime" : 30.0,
    "minResTime" : 4.0,
    "maxResTime" : 1212.0,
    "pct1ResTime" : 249.70000000000027,
    "pct2ResTime" : 358.9000000000001,
    "pct3ResTime" : 621.8300000000002,
    "throughput" : 128.01575578532743,
    "receivedKBytesPerSec" : 237.47143879246678,
    "sentKBytesPerSec" : 29.543924636878387
  }
}