{
  "Products" : {
    "transaction" : "Products",
    "sampleCount" : 1100,
    "errorCount" : 0,
    "errorPct" : 0.0,
    "meanResTime" : 26.375454545454527,
    "medianResTime" : 15.0,
    "minResTime" : 4.0,
    "maxResTime" : 336.0,
    "pct1ResTime" : 46.0,
    "pct2ResTime" : 85.95000000000005,
    "pct3ResTime" : 214.93000000000006,
    "throughput" : 113.62462555521124,
    "receivedKBytesPerSec" : 212.01806373308546,
    "sentKBytesPerSec" : 26.230402173070967
  },
  "Total" : {
    "transaction" : "Total",
    "sampleCount" : 1100,
    "errorCount" : 0,
    "errorPct" : 0.0,
    "meanResTime" : 26.375454545454527,
    "medianResTime" : 15.0,
    "minResTime" : 4.0,
    "maxResTime" : 336.0,
    "pct1ResTime" : 46.0,
    "pct2ResTime" : 85.95000000000005,
    "pct3ResTime" : 214.93000000000006,
    "throughput" : 113.62462555521124,
    "receivedKBytesPerSec" : 212.01806373308546,
    "sentKBytesPerSec" : 26.230402173070967
  }
}