{
  "Products" : {
    "transaction" : "Products",
    "sampleCount" : 1300,
    "errorCount" : 0,
    "errorPct" : 0.0,
    "meanResTime" : 29.910769230769173,
    "medianResTime" : 15.0,
    "minResTime" : 3.0,
    "maxResTime" : 480.0,
    "pct1ResTime" : 55.90000000000009,
    "pct2ResTime" : 113.90000000000009,
    "pct3ResTime" : 234.99,
    "throughput" : 127.31368132406229,
    "receivedKBytesPerSec" : 236.16907853662715,
    "sentKBytesPerSec" : 29.381897432915483
  },
  "Total" : {
    "transaction" : "Total",
    "sampleCount" : 1300,
    "errorCount" : 0,
    "errorPct" : 0.0,
    "meanResTime" : 29.910769230769173,
    "medianResTime" : 15.0,
    "minResTime" : 3.0,
    "maxResTime" : 480.0,
    "pct1ResTime" : 55.90000000000009,
    "pct2ResTime" : 113.90000000000009,
    "pct3ResTime" : 234.99,
    "throughput" : 127.31368132406229,
    "receivedKBytesPerSec" : 236.16907853662715,
    "sentKBytesPerSec" : 29.381897432915483
  }
}