{
  "Products" : {
    "transaction" : "Products",
    "sampleCount" : 1000,
    "errorCount" : 0,
    "errorPct" : 0.0,
    "meanResTime" : 23.31899999999996,
    "medianResTime" : 15.0,
    "minResTime" : 4.0,
    "maxResTime" : 284.0,
    "pct1ResTime" : 34.89999999999998,
    "pct2ResTime" : 65.94999999999993,
    "pct3ResTime" : 163.98000000000002,
    "throughput" : 101.75010175010175,
    "receivedKBytesPerSec" : 188.57771640974767,
    "sentKBytesPerSec" : 23.486586474867725
  },
  "Total" : {
    "transaction" : "Total",
    "sampleCount" : 1000,
    "errorCount" : 0,
    "errorPct" : 0.0,
    "meanResTime" : 23.31899999999996,
    "medianResTime" : 15.0,
    "minResTime" : 4.0,
    "maxResTime" : 284.0,
    "pct1ResTime" : 34.89999999999998,
    "pct2ResTime" : 65.94999999999993,
    "pct3ResTime" : 163.98000000000002,
    "throughput" : 101.75010175010175,
    "receivedKBytesPerSec" : 188.57771640974767,
    "sentKBytesPerSec" : 23.486586474867725
  }
}