{
  "Products" : {
    "transaction" : "Products",
    "sampleCount" : 1100,
    "errorCount" : 0,
    "errorPct" : 0.0,
    "meanResTime" : 31.040000000000013,
    "medianResTime" : 16.0,
    "minResTime" : 4.0,
    "maxResTime" : 390.0,
    "pct1ResTime" : 59.0,
    "pct2ResTime" : 109.95000000000005,
    "pct3ResTime" : 237.92000000000007,
    "throughput" : 113.71859815982633,
    "receivedKBytesPerSec" : 212.19341207484752,
    "sentKBytesPerSec" : 26.252095878993075
  },
  "Total" : {
    "transaction" : "Total",
    "sampleCount" : 1100,
    "errorCount" : 0,
    "errorPct" : 0.0,
    "meanResTime" : 31.040000000000013,
    "medianResTime" : 16.0,
    "minResTime" : 4.0,
    "maxResTime" : 390.0,
    "pct1ResTime" : 59.0,
    "pct2ResTime" : 109.95000000000005,
    "pct3ResTime" : 237.92000000000007,
    "throughput" : 113.71859815982633,
    "receivedKBytesPerSec" : 212.19341207484752,
    "sentKBytesPerSec" : 26.252095878993075
  }
}