{
  "Products" : {
    "transaction" : "Products",
    "sampleCount" : 1700,
    "errorCount" : 0,
    "errorPct" : 0.0,
    "meanResTime" : 72.81647058823539,
    "medianResTime" : 41.0,
    "minResTime" : 4.0,
    "maxResTime" : 1119.0,
    "pct1ResTime" : 149.9000000000001,
    "pct2ResTime" : 249.94999999999982,
    "pct3ResTime" : 567.8500000000001,
    "throughput" : 169.79624450659207,
    "receivedKBytesPerSec" : 315.4693859556033,
    "sentKBytesPerSec" : 39.18149782760687
  },
  "Total" : {
    "transaction" : "Total",
    "sampleCount" : 1700,
    "errorCount" : 0,
    "errorPct" : 0.0,
    "meanResTime" : 72.81647058823539,
    "medianResTime" : 41.0,
    "minResTime" : 4.0,
    "maxResTime" : 1119.0,
    "pct1ResTime" : 149.9000000000001,
    "pct2ResTime" : 249.94999999999982,
    "pct3ResTime" : 567.8500000000001,
    "throughput" : 169.79624450659207,
    "receivedKBytesPerSec" : 315.4693859556033,
    "sentKBytesPerSec" : 39.18149782760687
  }
}