{
  "Products" : {
    "transaction" : "Products",
    "sampleCount" : 1900,
    "errorCount" : 0,
    "errorPct" : 0.0,
    "meanResTime" : 2349.7884210526345,
    "medianResTime" : 2165.5,
    "minResTime" : 37.0,
    "maxResTime" : 9227.0,
    "pct1ResTime" : 4675.6,
    "pct2ResTime" : 5511.749999999995,
    "pct3ResTime" : 7558.610000000001,
    "throughput" : 137.4023719988429,
    "receivedKBytesPerSec" : 255.20682672837722,
    "sentKBytesPerSec" : 31.707066278565232
  },
  "Total" : {
    "transaction" : "Total",
    "sampleCount" : 1900,
    "errorCount" : 0,
    "errorPct" : 0.0,
    "meanResTime" : 2349.7884210526345,
    "medianResTime" : 2165.5,
    "minResTime" : 37.0,
    "maxResTime" : 9227.0,
    "pct1ResTime" : 4675.6,
    "pct2ResTime" : 5511.749999999995,
    "pct3ResTime" : 7558.610000000001,
    "throughput" : 137.4023719988429,
    "receivedKBytesPerSec" : 255.20682672837722,
    "sentKBytesPerSec" : 31.707066278565232
  }
}