{
  "Products" : {
    "transaction" : "Products",
    "sampleCount" : 1400,
    "errorCount" : 0,
    "errorPct" : 0.0,
    "meanResTime" : 40.582857142857144,
    "medianResTime" : 20.0,
    "minResTime" : 3.0,
    "maxResTime" : 749.0,
    "pct1ResTime" : 87.0,
    "pct2ResTime" : 133.95000000000005,
    "pct3ResTime" : 310.0,
    "throughput" : 145.36392897933757,
    "receivedKBytesPerSec" : 270.0913716125013,
    "sentKBytesPerSec" : 33.543923106375246
  },
  "Total" : {
    "transaction" : "Total",
    "sampleCount" : 1400,
    "errorCount" : 0,
    "errorPct" : 0.0,
    "meanResTime" : 40.582857142857144,
    "medianResTime" : 20.0,
    "minResTime" : 3.0,
    "maxResTime" : 749.0,
    "pct1ResTime" : 87.0,
    "pct2ResTime" : 133.95000000000005,
    "pct3ResTime" : 310.0,
    "throughput" : 145.36392897933757,
    "receivedKBytesPerSec" : 270.0913716125013,
    "sentKBytesPerSec" : 33.543923106375246
  }
}