{
  "Products" : {
    "transaction" : "Products",
    "sampleCount" : 1600,
    "errorCount" : 0,
    "errorPct" : 0.0,
    "meanResTime" : 62.42062500000009,
    "medianResTime" : 37.0,
    "minResTime" : 3.0,
    "maxResTime" : 789.0,
    "pct1ResTime" : 128.9000000000001,
    "pct2ResTime" : 199.0,
    "pct3ResTime" : 457.0,
    "throughput" : 170.04995217345095,
    "receivedKBytesPerSec" : 316.82867633382926,
    "sentKBytesPerSec" : 39.25305890636624
  },
  "Total" : {
    "transaction" : "Total",
    "sampleCount" : 1600,
    "errorCount" : 0,
    "errorPct" : 0.0,
    "meanResTime" : 62.42062500000009,
    "medianResTime" : 37.0,
    "minResTime" : 3.0,
    "maxResTime" : 789.0,
    "pct1ResTime" : 128.9000000000001,
    "pct2ResTime" : 199.0,
    "pct3ResTime" : 457.0,
    "throughput" : 170.04995217345095,
    "receivedKBytesPerSec" : 316.82867633382926,
    "sentKBytesPerSec" : 39.25305890636624
  }
}