{
  "Products" : {
    "transaction" : "Products",
    "sampleCount" : 1200,
    "errorCount" : 0,
    "errorPct" : 0.0,
    "meanResTime" : 30.758333333333304,
    "medianResTime" : 16.0,
    "minResTime" : 3.0,
    "maxResTime" : 402.0,
    "pct1ResTime" : 60.0,
    "pct2ResTime" : 115.0,
    "pct3ResTime" : 245.7700000000002,
    "throughput" : 127.60527435133986,
    "receivedKBytesPerSec" : 237.13095408203955,
    "sentKBytesPerSec" : 29.440389395470014
  },
  "Total" : {
    "transaction" : "Total",
    "sampleCount" : 1200,
    "errorCount" : 0,
    "errorPct" : 0.0,
    "meanResTime" : 30.758333333333304,
    "medianResTime" : 16.0,
    "minResTime" : 3.0,
    "maxResTime" : 402.0,
    "pct1ResTime" : 60.0,
    "pct2ResTime" : 115.0,
    "pct3ResTime" : 245.7700000000002,
    "throughput" : 127.60527435133986,
    "receivedKBytesPerSec" : 237.13095408203955,
    "sentKBytesPerSec" : 29.440389395470014
  }
}