{
  "Products" : {
    "transaction" : "Products",
    "sampleCount" : 1700,
    "errorCount" : 0,
    "errorPct" : 0.0,
    "meanResTime" : 78.13529411764722,
    "medianResTime" : 43.0,
    "minResTime" : 3.0,
    "maxResTime" : 914.0,
    "pct1ResTime" : 184.70000000000027,
    "pct2ResTime" : 281.0,
    "pct3ResTime" : 573.99,
    "throughput" : 170.17017017017017,
    "receivedKBytesPerSec" : 316.1641133320821,
    "sentKBytesPerSec" : 39.267783408408405
  },
  "Total" : {
    "transaction" : "Total",
    "sampleCount" : 1700,
    "errorCount" : 0,
    "errorPct" : 0.0,
    "meanResTime" : 78.13529411764722,
    "medianResTime" : 43.0,
    "minResTime" : 3.0,
    "maxResTime" : 914.0,
    "pct1ResTime" : 184.70000000000027,
    "pct2ResTime" : 281.0,
    "pct3ResTime" : 573.99,
    "throughput" : 170.17017017017017,
    "receivedKBytesPerSec" : 316.1641133320821,
    "sentKBytesPerSec" : 39.267783408408405
  }
}