{
  "Products" : {
    "transaction" : "Products",
    "sampleCount" : 1200,
    "errorCount" : 0,
    "errorPct" : 0.0,
    "meanResTime" : 29.275833333333356,
    "medianResTime" : 17.0,
    "minResTime" : 3.0,
    "maxResTime" : 372.0,
    "pct1ResTime" : 54.90000000000009,
    "pct2ResTime" : 88.80000000000018,
    "pct3ResTime" : 198.91000000000008,
    "throughput" : 127.3209549071618,
    "receivedKBytesPerSec" : 236.60259864058352,
    "sentKBytesPerSec" : 29.374792771883286
  },
  "Total" : {
    "transaction" : "Total",
    "sampleCount" : 1200,
    "errorCount" : 0,
    "errorPct" : 0.0,
    "meanResTime" : 29.275833333333356,
    "medianResTime" : 17.0,
    "minResTime" : 3.0,
    "maxResTime" : 372.0,
    "pct1ResTime" : 54.90000000000009,
    "pct2ResTime" : 88.80000000000018,
    "pct3ResTime" : 198.91000000000008,
    "throughput" : 127.3209549071618,
    "receivedKBytesPerSec" : 236.60259864058352,
    "sentKBytesPerSec" : 29.374792771883286
  }
}