{
  "Products" : {
    "transaction" : "Products",
    "sampleCount" : 2000,
    "errorCount" : 0,
    "errorPct" : 0.0,
    "meanResTime" : 2803.382999999996,
    "medianResTime" : 2647.0,
    "minResTime" : 15.0,
    "maxResTime" : 11260.0,
    "pct1ResTime" : 5411.8,
    "pct2ResTime" : 6083.849999999999,
    "pct3ResTime" : 7430.68,
    "throughput" : 131.99577613516368,
    "receivedKBytesPerSec" : 244.74298463074183,
    "sentKBytesPerSec" : 30.468079708949315
  },
  "Total" : {
    "transaction" : "Total",
    "sampleCount" : 2000,
    "errorCount" : 0,
    "errorPct" : 0.0,
    "meanResTime" : 2803.382999999996,
    "medianResTime" : 2647.0,
    "minResTime" : 15.0,
    "maxResTime" : 11260.0,
    "pct1ResTime" : 5411.8,
    "pct2ResTime" : 6083.849999999999,
    "pct3ResTime" : 7430.68,
    "throughput" : 131.99577613516368,
    "receivedKBytesPerSec" : 244.74298463074183,
    "sentKBytesPerSec" : 30.468079708949315
  }
}