{
  "Products" : {
    "transaction" : "Products",
    "sampleCount" : 1800,
    "errorCount" : 0,
    "errorPct" : 0.0,
    "meanResTime" : 112.2666666666666,
    "medianResTime" : 62.0,
    "minResTime" : 3.0,
    "maxResTime" : 1347.0,
    "pct1ResTime" : 283.0,
    "pct2ResTime" : 408.84999999999945,
    "pct3ResTime" : 728.8300000000002,
    "throughput" : 169.63528413910092,
    "receivedKBytesPerSec" : 314.7398078939308,
    "sentKBytesPerSec" : 39.148458851663364
  },
  "Total" : {
    "transaction" : "Total",
    "sampleCount" : 1800,
    "errorCount" : 0,
    "errorPct" : 0.0,
    "meanResTime" : 112.2666666666666,
    "medianResTime" : 62.0,
    "minResTime" : 3.0,
    "maxResTime" : 1347.0,
    "pct1ResTime" : 283.0,
    "pct2ResTime" : 408.84999999999945,
    "pct3ResTime" : 728.8300000000002,
    "throughput" : 169.63528413910092,
    "receivedKBytesPerSec" : 314.7398078939308,
    "sentKBytesPerSec" : 39.148458851663364
  }
}