{
  "Products" : {
    "transaction" : "Products",
    "sampleCount" : 1500,
    "errorCount" : 0,
    "errorPct" : 0.0,
    "meanResTime" : 42.96933333333341,
    "medianResTime" : 19.0,
    "minResTime" : 3.0,
    "maxResTime" : 661.0,
    "pct1ResTime" : 86.90000000000009,
    "pct2ResTime" : 158.75000000000023,
    "pct3ResTime" : 438.83000000000015,
    "throughput" : 146.15609470914936,
    "receivedKBytesPerSec" : 270.8771991924876,
    "sentKBytesPerSec" : 33.736651837912895
  },
  "Total" : {
    "transaction" : "Total",
    "sampleCount" : 1500,
    "errorCount" : 0,
    "errorPct" : 0.0,
    "meanResTime" : 42.96933333333341,
    "medianResTime" : 19.0,
    "minResTime" : 3.0,
    "maxResTime" : 661.0,
    "pct1ResTime" : 86.90000000000009,
    "pct2ResTime" : 158.75000000000023,
    "pct3ResTime" : 438.83000000000015,
    "throughput" : 146.15609470914936,
    "receivedKBytesPerSec" : 270.8771991924876,
    "sentKBytesPerSec" : 33.736651837912895
  }
}