{
  "Products" : {
    "transaction" : "Products",
    "sampleCount" : 1400,
    "errorCount" : 0,
    "errorPct" : 0.0,
    "meanResTime" : 45.270000000000074,
    "medianResTime" : 21.0,
    "minResTime" : 3.0,
    "maxResTime" : 704.0,
    "pct1ResTime" : 98.0,
    "pct2ResTime" : 154.0,
    "pct3ResTime" : 362.85000000000014,
    "throughput" : 145.53014553014555,
    "receivedKBytesPerSec" : 270.40020790020793,
    "sentKBytesPerSec" : 33.58227894360707
  },
  "Total" : {
    "transaction" : "Total",
    "sampleCount" : 1400,
    "errorCount" : 0,
    "errorPct" : 0.0,
    "meanResTime" : 45.270000000000074,
    "medianResTime" : 21.0,
    "minResTime" : 3.0,
    "maxResTime" : 704.0,
    "pct1ResTime" : 98.0,
    "pct2ResTime" : 154.0,
    "pct3ResTime" : 362.85000000000014,
    "throughput" : 145.53014553014555,
    "receivedKBytesPerSec" : 270.40020790020793,
    "sentKBytesPerSec" : 33.58227894360707
  }
}