{
  "Products" : {
    "transaction" : "Products",
    "sampleCount" : 1800,
    "errorCount" : 0,
    "errorPct" : 0.0,
    "meanResTime" : 94.09111111111096,
    "medianResTime" : 49.0,
    "minResTime" : 3.0,
    "maxResTime" : 1330.0,
    "pct1ResTime" : 226.0,
    "pct2ResTime" : 320.9499999999998,
    "pct3ResTime" : 598.9300000000001,
    "throughput" : 168.98235073225683,
    "receivedKBytesPerSec" : 313.528361017884,
    "sentKBytesPerSec" : 38.99777477234323
  },
  "Total" : {
    "transaction" : "Total",
    "sampleCount" : 1800,
    "errorCount" : 0,
    "errorPct" : 0.0,
    "meanResTime" : 94.09111111111096,
    "medianResTime" : 49.0,
    "minResTime" : 3.0,
    "maxResTime" : 1330.0,
    "pct1ResTime" : 226.0,
    "pct2ResTime" : 320.9499999999998,
    "pct3ResTime" : 598.9300000000001,
    "throughput" : 168.98235073225683,
    "receivedKBytesPerSec" : 313.528361017884,
    "sentKBytesPerSec" : 38.99777477234323
  }
}