{
  "Products" : {
    "transaction" : "Products",
    "sampleCount" : 1000,
    "errorCount" : 0,
    "errorPct" : 0.0,
    "meanResTime" : 24.191999999999997,
    "medianResTime" : 15.0,
    "minResTime" : 3.0,
    "maxResTime" : 293.0,
    "pct1ResTime" : 38.0,
    "pct2ResTime" : 71.94999999999993,
    "pct3ResTime" : 173.98000000000002,
    "throughput" : 102.14504596527068,
    "receivedKBytesPerSec" : 189.30968303115426,
    "sentKBytesPerSec" : 23.57774993615935
  },
  "Total" : {
    "transaction" : "Total",
    "sampleCount" : 1000,
    "errorCount" : 0,
    "errorPct" : 0.0,
    "meanResTime" : 24.191999999999997,
    "medianResTime" : 15.0,
    "minResTime" : 3.0,
    "maxResTime" : 293.0,
    "pct1ResTime" : 38.0,
    "pct2ResTime" : 71.94999999999993,
    "pct3ResTime" : 173.98000000000002,
    "throughput" : 102.14504596527068,
    "receivedKBytesPerSec" : 189.30968303115426,
    "sentKBytesPerSec" : 23.57774993615935
  }
}