{
  "Products" : {
    "transaction" : "Products",
    "sampleCount" : 1500,
    "errorCount" : 0,
    "errorPct" : 0.0,
    "meanResTime" : 49.89533333333343,
    "medianResTime" : 21.0,
    "minResTime" : 3.0,
    "maxResTime" : 992.0,
    "pct1ResTime" : 107.90000000000009,
    "pct2ResTime" : 183.95000000000005,
    "pct3ResTime" : 428.97,
    "throughput" : 145.85764294049008,
    "receivedKBytesPerSec" : 270.32406605528,
    "sentKBytesPerSec" : 33.667761358663945
  },
  "Total" : {
    "transaction" : "Total",
    "sampleCount" : 1500,
    "errorCount" : 0,
    "errorPct" : 0.0,
    "meanResTime" : 49.89533333333343,
    "medianResTime" : 21.0,
    "minResTime" : 3.0,
    "maxResTime" : 992.0,
    "pct1ResTime" : 107.90000000000009,
    "pct2ResTime" : 183.95000000000005,
    "pct3ResTime" : 428.97,
    "throughput" : 145.85764294049008,
    "receivedKBytesPerSec" : 270.32406605528,
    "sentKBytesPerSec" : 33.667761358663945
  }
}