{
  "Products" : {
    "transaction" : "Products",
    "sampleCount" : 1600,
    "errorCount" : 0,
    "errorPct" : 0.0,
    "meanResTime" : 415.7062500000002,
    "medianResTime" : 286.5,
    "minResTime" : 17.0,
    "maxResTime" : 3206.0,
    "pct1ResTime" : 921.5000000000005,
    "pct2ResTime" : 1158.9499999999998,
    "pct3ResTime" : 1992.6200000000003,
    "throughput" : 162.04172574437916,
    "receivedKBytesPerSec" : 301.9081441791574,
    "sentKBytesPerSec" : 37.40449982276686
  },
  "Total" : {
    "transaction" : "Total",
    "sampleCount" : 1600,
    "errorCount" : 0,
    "errorPct" : 0.0,
    "meanResTime" : 415.7062500000002,
    "medianResTime" : 286.5,
    "minResTime" : 17.0,
    "maxResTime" : 3206.0,
    "pct1ResTime" : 921.5000000000005,
    "pct2ResTime" : 1158.9499999999998,
    "pct3ResTime" : 1992.6200000000003,
    "throughput" : 162.04172574437916,
    "receivedKBytesPerSec" : 301.9081441791574,
    "sentKBytesPerSec" : 37.40449982276686
  }
}